{
  "Belville": {
    "precision": 0.9444444444444444,
    "recall": 1.0,
    "f1-score": 0.9714285714285714,
    "support": 17.0
  },
  "BrickLink Designer Program": {
    "precision": 0.39215686274509803,
    "recall": 0.5,
    "f1-score": 0.43956043956043955,
    "support": 40.0
  },
  "Castle": {
    "precision": 0.7604166666666666,
    "recall": 0.8902439024390244,
    "f1-score": 0.8202247191011236,
    "support": 82.0
  },
  "Collectible Minifigures": {
    "precision": 0.7586206896551724,
    "recall": 0.5454545454545454,
    "f1-score": 0.6346153846153846,
    "support": 121.0
  },
  "DREAMZzz": {
    "precision": 0.8181818181818182,
    "recall": 0.5625,
    "f1-score": 0.6666666666666666,
    "support": 16.0
  },
  "DUPLO": {
    "precision": 0.9727891156462585,
    "recall": 0.9662162162162162,
    "f1-score": 0.9694915254237289,
    "support": 148.0
  },
  "Disney": {
    "precision": 0.8113207547169812,
    "recall": 0.7678571428571429,
    "f1-score": 0.7889908256880734,
    "support": 56.0
  },
  "Friends": {
    "precision": 0.9621212121212122,
    "recall": 0.9548872180451128,
    "f1-score": 0.9584905660377359,
    "support": 133.0
  },
  "Games": {
    "precision": 0.8571428571428571,
    "recall": 1.0,
    "f1-score": 0.9230769230769231,
    "support": 18.0
  },
  "Harry Potter": {
    "precision": 0.7333333333333333,
    "recall": 0.9166666666666666,
    "f1-score": 0.8148148148148148,
    "support": 96.0
  },
  "Holiday & Event": {
    "precision": 0.4,
    "recall": 0.5172413793103449,
    "f1-score": 0.45112781954887216,
    "support": 58.0
  },
  "Jurassic World": {
    "precision": 0.5454545454545454,
    "recall": 0.3,
    "f1-score": 0.3870967741935484,
    "support": 20.0
  },
  "LEGENDS OF CHIMA": {
    "precision": 1.0,
    "recall": 1.0,
    "f1-score": 1.0,
    "support": 23.0
  },
  "LEGO Brand": {
    "precision": 0.4642857142857143,
    "recall": 0.5416666666666666,
    "f1-score": 0.5,
    "support": 24.0
  },
  "LEGO Ideas": {
    "precision": 0.4230769230769231,
    "recall": 0.2682926829268293,
    "f1-score": 0.3283582089552239,
    "support": 41.0
  },
  "Minecraft": {
    "precision": 0.8809523809523809,
    "recall": 0.9736842105263158,
    "f1-score": 0.925,
    "support": 38.0
  },
  "Monkie Kid": {
    "precision": 0.696969696969697,
    "recall": 0.8518518518518519,
    "f1-score": 0.7666666666666667,
    "support": 27.0
  },
  "NEXO KNIGHTS": {
    "precision": 0.9523809523809523,
    "recall": 0.9090909090909091,
    "f1-score": 0.9302325581395349,
    "support": 22.0
  },
  "NINJAGO": {
    "precision": 0.8776978417266187,
    "recall": 0.8591549295774648,
    "f1-score": 0.8683274021352313,
    "support": 142.0
  },
  "Pirates": {
    "precision": 0.7931034482758621,
    "recall": 0.7931034482758621,
    "f1-score": 0.7931034482758621,
    "support": 29.0
  },
  "SPEED CHAMPIONS": {
    "precision": 0.625,
    "recall": 0.7142857142857143,
    "f1-score": 0.6666666666666666,
    "support": 21.0
  },
  "Space": {
    "precision": 0.84375,
    "recall": 0.8709677419354839,
    "f1-score": 0.8571428571428571,
    "support": 31.0
  },
  "Sports": {
    "precision": 0.7659574468085106,
    "recall": 0.9473684210526315,
    "f1-score": 0.8470588235294118,
    "support": 38.0
  },
  "Star Wars": {
    "precision": 0.8540772532188842,
    "recall": 0.8844444444444445,
    "f1-score": 0.868995633187773,
    "support": 225.0
  },
  "Super Heroes": {
    "precision": 0.7849462365591398,
    "recall": 0.874251497005988,
    "f1-score": 0.8271954674220963,
    "support": 167.0
  },
  "Super Mario": {
    "precision": 0.8947368421052632,
    "recall": 0.9714285714285714,
    "f1-score": 0.9315068493150684,
    "support": 35.0
  },
  "The Hobbit and The Lord of the Rings": {
    "precision": 0.7894736842105263,
    "recall": 0.6521739130434783,
    "f1-score": 0.7142857142857143,
    "support": 23.0
  },
  "Town": {
    "precision": 0.8891213389121339,
    "recall": 0.8034026465028355,
    "f1-score": 0.8440913604766633,
    "support": 529.0
  },
  "accuracy": 0.8148648648648649,
  "macro avg": {
    "precision": 0.7675540021282499,
    "recall": 0.7798655257001464,
    "f1-score": 0.7676505959412375,
    "support": 2220.0
  },
  "weighted avg": {
    "precision": 0.8198717616734819,
    "recall": 0.8148648648648649,
    "f1-score": 0.8134071850433218,
    "support": 2220.0
  }
}