{
  "Belville": {
    "precision": 1.0,
    "recall": 0.9411764705882353,
    "f1-score": 0.9696969696969697,
    "support": 17.0
  },
  "BrickLink Designer Program": {
    "precision": 0.28169014084507044,
    "recall": 0.5,
    "f1-score": 0.36036036036036034,
    "support": 40.0
  },
  "Castle": {
    "precision": 0.6886792452830188,
    "recall": 0.8902439024390244,
    "f1-score": 0.776595744680851,
    "support": 82.0
  },
  "Collectible Minifigures": {
    "precision": 0.6463414634146342,
    "recall": 0.4380165289256198,
    "f1-score": 0.5221674876847291,
    "support": 121.0
  },
  "DREAMZzz": {
    "precision": 0.8181818181818182,
    "recall": 0.5625,
    "f1-score": 0.6666666666666666,
    "support": 16.0
  },
  "DUPLO": {
    "precision": 0.9791666666666666,
    "recall": 0.9527027027027027,
    "f1-score": 0.9657534246575342,
    "support": 148.0
  },
  "Disney": {
    "precision": 0.6428571428571429,
    "recall": 0.8035714285714286,
    "f1-score": 0.7142857142857143,
    "support": 56.0
  },
  "Friends": {
    "precision": 0.9833333333333333,
    "recall": 0.8872180451127819,
    "f1-score": 0.932806324110672,
    "support": 133.0
  },
  "Games": {
    "precision": 0.8571428571428571,
    "recall": 1.0,
    "f1-score": 0.9230769230769231,
    "support": 18.0
  },
  "Harry Potter": {
    "precision": 0.6785714285714286,
    "recall": 0.7916666666666666,
    "f1-score": 0.7307692307692307,
    "support": 96.0
  },
  "Holiday & Event": {
    "precision": 0.3106796116504854,
    "recall": 0.5517241379310345,
    "f1-score": 0.39751552795031053,
    "support": 58.0
  },
  "Jurassic World": {
    "precision": 0.3076923076923077,
    "recall": 0.4,
    "f1-score": 0.34782608695652173,
    "support": 20.0
  },
  "LEGENDS OF CHIMA": {
    "precision": 0.9130434782608695,
    "recall": 0.9130434782608695,
    "f1-score": 0.9130434782608695,
    "support": 23.0
  },
  "LEGO Brand": {
    "precision": 0.19402985074626866,
    "recall": 0.5416666666666666,
    "f1-score": 0.2857142857142857,
    "support": 24.0
  },
  "LEGO Ideas": {
    "precision": 0.4473684210526316,
    "recall": 0.4146341463414634,
    "f1-score": 0.43037974683544306,
    "support": 41.0
  },
  "Minecraft": {
    "precision": 0.9024390243902439,
    "recall": 0.9736842105263158,
    "f1-score": 0.9367088607594937,
    "support": 38.0
  },
  "Monkie Kid": {
    "precision": 0.5588235294117647,
    "recall": 0.7037037037037037,
    "f1-score": 0.6229508196721312,
    "support": 27.0
  },
  "NEXO KNIGHTS": {
    "precision": 0.8695652173913043,
    "recall": 0.9090909090909091,
    "f1-score": 0.8888888888888888,
    "support": 22.0
  },
  "NINJAGO": {
    "precision": 0.8161764705882353,
    "recall": 0.7816901408450704,
    "f1-score": 0.7985611510791367,
    "support": 142.0
  },
  "Pirates": {
    "precision": 0.6764705882352942,
    "recall": 0.7931034482758621,
    "f1-score": 0.7301587301587301,
    "support": 29.0
  },
  "SPEED CHAMPIONS": {
    "precision": 0.39473684210526316,
    "recall": 0.7142857142857143,
    "f1-score": 0.5084745762711864,
    "support": 21.0
  },
  "Space": {
    "precision": 0.631578947368421,
    "recall": 0.7741935483870968,
    "f1-score": 0.6956521739130435,
    "support": 31.0
  },
  "Sports": {
    "precision": 0.5606060606060606,
    "recall": 0.9736842105263158,
    "f1-score": 0.7115384615384616,
    "support": 38.0
  },
  "Star Wars": {
    "precision": 0.8486238532110092,
    "recall": 0.8222222222222222,
    "f1-score": 0.835214446952596,
    "support": 225.0
  },
  "Super Heroes": {
    "precision": 0.7257142857142858,
    "recall": 0.7604790419161677,
    "f1-score": 0.7426900584795322,
    "support": 167.0
  },
  "Super Mario": {
    "precision": 0.8048780487804879,
    "recall": 0.9428571428571428,
    "f1-score": 0.868421052631579,
    "support": 35.0
  },
  "The Hobbit and The Lord of the Rings": {
    "precision": 0.6818181818181818,
    "recall": 0.6521739130434783,
    "f1-score": 0.6666666666666666,
    "support": 23.0
  },
  "Town": {
    "precision": 0.9273255813953488,
    "recall": 0.6030245746691871,
    "f1-score": 0.7308132875143184,
    "support": 529.0
  },
  "accuracy": 0.7319819819819819,
  "macro avg": {
    "precision": 0.6838405141683727,
    "recall": 0.7497270340912741,
    "f1-score": 0.7026213266511732,
    "support": 2220.0
  },
  "weighted avg": {
    "precision": 0.7820815266525989,
    "recall": 0.7319819819819819,
    "f1-score": 0.742257227864106,
    "support": 2220.0
  }
}